{
  "Acre": [35.0828, 32.9264],
  "Arad": [35.2137, 31.2589],
  "Ashdod": [34.6403, 31.8044],
  "Ashkelon": [34.5714, 31.6688],
  "Bat Yam": [34.7519, 32.0171],
  "Be'er Sheva": [34.7915, 31.252973],
  "Beer Sheva": [34.7915, 31.252973],
  "Dimona": [35.0336, 31.0694],
  "Eilat": [34.9482, 29.5581],
  "Gedera": [34.7772, 31.8144],
  "Givatayim": [34.8117, 32.0725],
  "Haifa": [34.9896, 32.794],
  "Herzliya": [34.8416, 32.1625],
  "Hod HaSharon": [34.8989, 32.1597],
  "Hof Ashkelon": [34.5533, 31.6669],
  "Holon": [34.7747, 32.0178],
  "Karmiel": [35.3, 32.9128],
  "Kiryat Gat": [34.7714, 31.61],
  "Kiryat Malachi": [34.7464, 31.73],
  "Kiryat Ono": [34.8561, 32.0619],
  "Lehavim": [34.8074, 31.3726],
  "Lod": [34.89, 31.9514],
  "Mevaseret Zion": [35.1531, 31.8033],
  "Meitar": [34.8925, 31.3225],
  "Midreshet Ben-Gurion": [34.783, 30.852],
  "Mitzpe Ramon": [34.8019, 30.6103],
  "Mizpe Ramon": [34.8019, 30.6103],
  "Nes Ziona": [34.7994, 31.9322],
  "Ness Ziona": [34.7994, 31.9322],
  "Netanya": [34.8599, 32.3215],
  "Netivot": [34.5886, 31.4178],
  "Ofakim": [34.6203, 31.3149],
  "Omer": [34.8492, 31.2622],
  "Petah Tikva": [34.8878, 32.0878],
  "Qiryat Gat": [34.7714, 31.61],
  "Rahat": [34.7533, 31.3947],
  "Ramat Gan": [34.8142, 32.0821],
  "Ramat HaSharon": [34.8398, 32.1463],
  "Ramat Negev": [34.7867, 30.8589],
  "Ramla": [34.8667, 31.9293],
  "Rehovot": [34.8117, 31.8946],
  "Rishon LeZion": [34.8044, 31.9642],
  "Rosh HaAyin": [34.9569, 32.0958],
  "Sde Boker": [34.7931, 30.8761],
  "Sderot": [34.5961, 31.5246],
  "Yavne": [34.7386, 31.8781],
  "Yerocham": [34.9319, 30.9882],
  "Yeruham": [34.9319, 30.9882]
}
